trip_id,taxi_id,trip_start_timestamp,trip_end_timestamp,trip_seconds,trip_miles,dropoff_census_tract,dropoff_community_area,fare,tips,tolls,extras,trip_total,payment_type,company,dropoff_centroid_latitude,dropoff_centroid_longitude,dropoff_centroid_location,pickup_census_tract,pickup_community_area,pickup_centroid_latitude,pickup_centroid_longitude,pickup_centroid_location
ff0f0c15cf4142a8cba49489e8e9b9d7f9a35482,222a0a55fe5180e292a8e128804e081fa50b05a0329775f9344b50ee230f23d12635ee6a2429af764d01221057af04260089849cfb0192fa29bfda38362ffad6,2019-10-31T00:00:00.000,2019-10-31T00:15:00.000,1436.0,18.37,17031081403.0,8.0,45.25,7.46,0.0,4.0,57.21,Credit Card,Flash Cab,41.890922026,-87.618868355,"{'type': 'Point', 'coordinates': [-87.6188683546, 41.8909220259]}",,,,,
fc055c0a9931c4aa9e25e34fc33a06f15f022635,8b292c0373fed1bf25c7fd6402d9a41b5686f3527fc49cec4382719e657e9074fa2d10e7e17c25d61ed964a7d65222ef13f063fabc702f44cfa994102b1bcf20,2019-10-31T00:00:00.000,2019-10-31T00:15:00.000,1351.0,17.19,17031081800.0,8.0,42.25,7.09,0.0,4.5,54.34,Credit Card,Flash Cab,41.89321636,-87.63784421,"{'type': 'Point', 'coordinates': [-87.6378442095, 41.8932163595]}",17031980000.0,76.0,41.97907082,-87.903039661,"{'type': 'Point', 'coordinates': [-87.9030396611, 41.9790708201]}"
fb5470db3139d8d5cb2129f607db20bb8d15f366,206b0dc07ac130c4a4d5e85e652f1f1f466b99a76e9aa732ca54ae4f3d4d7f1ad2ff297e698eaebaf920930da61368f0d8b55fea69c2e803976967e8c4a7a64a,2019-10-31T00:00:00.000,2019-10-31T00:15:00.000,1500.0,14.2,,6.0,36.25,8.15,0.0,4.0,48.9,Credit Card,Medallion Leasin,41.944226601,-87.655998182,"{'type': 'Point', 'coordinates': [-87.6559981815, 41.9442266014]}",,76.0,41.980264315,-87.913624596,"{'type': 'Point', 'coordinates': [-87.913624596, 41.9802643146]}"
f7b27f15d4b0d961f231ba2d9f45de958acc495f,451d7c5b2e7cb5e9d95308fe88262b5c32559a595b5aac5c759724d602fca61150bf5f236855e41c27b9a44968ee07baa1294f0d873cf0d955329a343fca9b97,2019-10-31T00:00:00.000,2019-10-31T00:15:00.000,1257.0,8.87,,,24.5,7.25,0.0,4.0,36.25,Credit Card,Chicago Carriage Cab Corp,,,,,56.0,41.79259236,-87.769615453,"{'type': 'Point', 'coordinates': [-87.7696154528, 41.7925923603]}"
f6e49a53ab4a52657e743ea8774d01c7991b9f52,4f4cae403660ec4c1e2e3b03128bd7a5af139619e3e513246c1a45c19a9d2a04bf8831972ebde690feedb335deba34acfba89ebada6a6101b1c1e32e58ba8e7a,2019-10-31T00:00:00.000,2019-10-31T00:15:00.000,300.0,0.0,,8.0,6.0,2.0,0.0,1.0,9.0,Credit Card,Taxi Affiliation Services,41.899602111,-87.633308037,"{'type': 'Point', 'coordinates': [-87.6333080367, 41.899602111]}",,8.0,41.899602111,-87.633308037,"{'type': 'Point', 'coordinates': [-87.6333080367, 41.899602111]}"
f4930c020f3a0e01db8596818a0bb6bf1f53d206,ced3d3cb07284c38669bf0685770b160c7ad8a09b41644ef2d997f6fbe0d5e5186c79ea741db5eef1aa1ee21b0186416102b7dc44d7981fc761a20e3ff98dce6,2019-10-31T00:00:00.000,2019-10-31T00:00:00.000,60.0,0.0,17031980000.0,76.0,3.5,0.0,0.0,0.0,3.5,Cash,Chicago Medallion Management,41.97907082,-87.903039661,"{'type': 'Point', 'coordinates': [-87.9030396611, 41.9790708201]}",17031980000.0,76.0,41.97907082,-87.903039661,"{'type': 'Point', 'coordinates': [-87.9030396611, 41.9790708201]}"
f3d47fcd7e689d2417ca73b2d301eff05590c59d,285bd82de8221df52ae09a952244bb6777219fe49136f59bc9110d6309deb353b0dcfffb2b48d7d60a1d3bd32ebde3c90ead6ef94cbbc8f6ccc7e2eb26677b21,2019-10-31T00:00:00.000,2019-10-31T00:15:00.000,1508.0,12.82,,4.0,32.75,5.0,0.0,4.0,42.25,Credit Card,Sun Taxi,41.975170943,-87.687515515,"{'type': 'Point', 'coordinates': [-87.6875155152, 41.9751709433]}",,76.0,41.980264315,-87.913624596,"{'type': 'Point', 'coordinates': [-87.913624596, 41.9802643146]}"
f29130adcc833090193bdf1bc26d4258e4db3ecd,f55addae8ca796ec4b405f2aff2b703fa3e84d285bf4c15ffe84f53e6abd8c4acd7dacad001d0ed5d0bd1e011d748cdf531e486ba50cd50cbd6ad1dafb5705b1,2019-10-31T00:00:00.000,2019-10-31T00:15:00.000,420.0,0.0,,32.0,6.75,0.0,0.0,0.0,6.75,Cash,Taxi Affiliation Services,41.878865584,-87.625192142,"{'type': 'Point', 'coordinates': [-87.6251921424, 41.8788655841]}",,8.0,41.899602111,-87.633308037,"{'type': 'Point', 'coordinates': [-87.6333080367, 41.899602111]}"
f1d7b52a4ba4327e8185537df21c86103a5741e4,3a7abc9f1cdbcb82d1ea42811f112bdba8686471ce99615268c020eb9525445eee6acf5e7ab3a21a3a3544e29470db6f853213e33bb725247cba6fc0fc91d5e2,2019-10-31T00:00:00.000,2019-10-31T00:00:00.000,480.0,0.0,17031770700.0,,11.0,0.0,0.0,5.0,16.0,Cash,"Taxicab Insurance Agency, LLC",41.982775009,-87.8773054,"{'type': 'Point', 'coordinates': [-87.8773053996, 41.9827750091]}",17031980000.0,76.0,41.97907082,-87.903039661,"{'type': 'Point', 'coordinates': [-87.9030396611, 41.9790708201]}"
f0112c8c5c53d8c82b5c59af124b286db4b61926,e0bbc5ebabf1a48bc6b8dd0734576d956effcda6dd43887fdb86d018510f1ef79748423421436f2c4893f9da1b0a95302a6a12f02357fcb91a5b17703262ba17,2019-10-31T00:00:00.000,2019-10-31T00:15:00.000,1412.0,11.61,,,30.5,0.0,0.0,5.0,35.5,Cash,Nova Taxi Affiliation Llc,,,,,76.0,41.980264315,-87.913624596,"{'type': 'Point', 'coordinates': [-87.913624596, 41.9802643146]}"
ed8b2cc6f287fda9f66659af14ec66da3679b9e7,13ffcb0e6d5abe05e85340993156c3cfda2e4bbbd6d9e313efd996bfc1b1bdb0f33f92b97562357665f300c71f2ae7a53172a69731e5d554c7eae3054e69eb59,2019-10-31T00:00:00.000,2019-10-31T00:00:00.000,174.0,0.26,17031081600.0,8.0,4.0,1.0,0.0,1.0,6.5,Credit Card,Flash Cab,41.892072635,-87.628874157,"{'type': 'Point', 'coordinates': [-87.6288741572, 41.8920726347]}",17031839100.0,32.0,41.880994471,-87.632746489,"{'type': 'Point', 'coordinates': [-87.6327464887, 41.8809944707]}"
ed46c51a7e86f6b8cfd3a30838f4a4307addee8d,22b403ba1c4de25cb19049e9c08b6d1339a9eea3ec06f9bad7bca4f17a7ce1b237f980cc925abad84ec75963637c6c4c517ef5319e0db76ad7046e28f43ff9cf,2019-10-31T00:00:00.000,2019-10-31T00:30:00.000,1485.0,14.76,,8.0,37.25,10.44,0.0,4.0,52.19,Credit Card,Flash Cab,41.899602111,-87.633308037,"{'type': 'Point', 'coordinates': [-87.6333080367, 41.899602111]}",,56.0,41.79259236,-87.769615453,"{'type': 'Point', 'coordinates': [-87.7696154528, 41.7925923603]}"
ecf8befb3471890cc939819a59f365a8547321e3,01cda9c2246fc6ea379c9b7aaa51bfa77e7bb4a7260d7fa7b31751b00f582c55195bdb4c847f95551951bc0e5c6baa2b69fd180479b098b4afc2cbdd90737a9e,2019-10-31T00:00:00.000,2019-10-31T00:00:00.000,540.0,1.5,17031839100.0,32.0,7.5,2.0,0.0,0.0,9.5,Credit Card,Taxi Affiliation Services,41.880994471,-87.632746489,"{'type': 'Point', 'coordinates': [-87.6327464887, 41.8809944707]}",17031081500.0,8.0,41.892507781,-87.626214906,"{'type': 'Point', 'coordinates': [-87.6262149064, 41.8925077809]}"
eca5baa6f8e62832f19d7ab12bbe63f10f06d564,94a17944c1f6a3541b61ee5b6aa5d7e173e19494e7ca97c9fb9028ee0c88063772cced2dfb5a492166a7979469ee222e5f95071bd9cba95f486d96e059e192f5,2019-10-31T00:00:00.000,2019-10-31T00:15:00.000,1445.0,13.1,,4.0,33.5,7.6,0.0,4.0,45.6,Credit Card,City Service,41.975170943,-87.687515515,"{'type': 'Point', 'coordinates': [-87.6875155152, 41.9751709433]}",,76.0,41.980264315,-87.913624596,"{'type': 'Point', 'coordinates': [-87.913624596, 41.9802643146]}"
ead4c71f59c9e6cd0f590f992bda15dc0fd2bf14,ae8435201d63b676fff3bcd0d63c45e0f88e32240e0c5c9915a788a3aaad250da447aae88185ebb5f50faefcfadb206d5115a8dccd16053281f34c7774a39ad3,2019-10-31T00:00:00.000,2019-10-31T00:00:00.000,600.0,2.4,17031080201.0,8.0,9.5,0.0,0.0,0.0,9.5,Cash,Taxi Affiliation Services,41.909495669,-87.630963601,"{'type': 'Point', 'coordinates': [-87.630963601, 41.9094956686]}",17031281900.0,28.0,41.879255084,-87.642648998,"{'type': 'Point', 'coordinates': [-87.642648998, 41.8792550844]}"
ea222e5e8741c023e67edfbb75d7c3ec4ab89a6a,3ab5300e6e7ee5a0f90b99ed2b65f3c37a9646941142800dc958874579300a5900f3f2437fd531d0468e9ec3cd611c87a27eacb39997038128635c257cf95e22,2019-10-31T00:00:00.000,2019-10-31T00:00:00.000,106.0,0.56,,32.0,4.5,0.0,0.0,0.0,4.5,Cash,City Service,41.878865584,-87.625192142,"{'type': 'Point', 'coordinates': [-87.6251921424, 41.8788655841]}",,32.0,41.878865584,-87.625192142,"{'type': 'Point', 'coordinates': [-87.6251921424, 41.8788655841]}"
e8e6404fcb7ffa3da449223ccd9b7ef77580c1be,66347797d58406c5c5912f7c446b4fbfd5add444ce5b3ce4ac0fd5142b1515578b1ab4cba38465ef8bf685b1d95d4abeef6837f6b51c0ffc8926525613e09f36,2019-10-31T00:00:00.000,2019-10-31T00:00:00.000,600.0,0.0,17031080201.0,8.0,9.25,0.0,0.0,0.0,9.25,Cash,Taxi Affiliation Services,41.909495669,-87.630963601,"{'type': 'Point', 'coordinates': [-87.630963601, 41.9094956686]}",17031839100.0,32.0,41.880994471,-87.632746489,"{'type': 'Point', 'coordinates': [-87.6327464887, 41.8809944707]}"
e8578054984b1f17c048b57a1a3be3c241178268,c26dee3edb5d4bce731d586ef40b399162a1c3a05cb5bb035e148b89a986a90612bb81bfe1745453c85fe7ae4a859e566611067e2fb730da1c1e5ce92674dd2d,2019-10-31T00:00:00.000,2019-10-31T00:15:00.000,983.0,13.84,,,34.5,0.0,0.0,5.5,40.0,Cash,Sun Taxi,,,,,76.0,41.980264315,-87.913624596,"{'type': 'Point', 'coordinates': [-87.913624596, 41.9802643146]}"
e61403687ff061d2b2a75afa2253116771615050,d899402f96aeec3adabbee95f3a99aba9ade0e0b5c1d9375fade5d3f588cf54b8ecaaba08da5979724cc81ff64f102696373883acd65b6c2fdf20fe50a09b542,2019-10-31T00:00:00.000,2019-10-31T00:15:00.000,205.0,0.9,17031281900.0,28.0,5.25,0.0,0.0,1.0,6.25,Cash,City Service,41.879255084,-87.642648998,"{'type': 'Point', 'coordinates': [-87.642648998, 41.8792550844]}",17031833000.0,28.0,41.88528132,-87.6572332,"{'type': 'Point', 'coordinates': [-87.6572331997, 41.8852813201]}"
e3f3d2010a8ae1246ff01c6c20a22b5dc6c55eb1,f3161de24ef5c0a540569aea33d24ab0cab8d0f562bff777607ca8bcff9822a9b66ec17c08e9874774abe1f8912270a7e0765f54cf5970d076af38d0ff9a019e,2019-10-31T00:00:00.000,2019-10-31T00:15:00.000,660.0,4.6,,,14.25,5.6,0.0,4.0,23.85,Credit Card,Taxi Affiliation Services,,,,,76.0,41.980264315,-87.913624596,"{'type': 'Point', 'coordinates': [-87.913624596, 41.9802643146]}"
e2dff10ea2a34d08b93b226ca73a7842388d2db9,366e6c5608c0c3c48ff268828574f12a90ea41f5b667f97d6c6439c475e36ea8e420bc104fc478426a5739cd16824bb800f4a196e5d11884dfb585e43d359f51,2019-10-31T00:00:00.000,2019-10-31T00:15:00.000,1288.0,11.0,,,29.0,9.88,1.9,18.0,59.28,Credit Card,Medallion Leasin,,,,,76.0,41.980264315,-87.913624596,"{'type': 'Point', 'coordinates': [-87.913624596, 41.9802643146]}"
e2a22c5f4a6dff032f2414374b8d18dbbe5b634f,e04a00c6bf11556030249fc4eab532944033c0fde8c512fccc34caf1cf64929ad8b24a84508d9ea2becc5f64ebb66a22ede9fd11a9748d9f1f2e873e492abe5b,2019-10-31T00:00:00.000,2019-10-31T00:15:00.000,780.0,4.1,,19.0,13.5,0.0,0.0,0.0,13.5,Cash,Taxi Affiliation Services,41.927260956,-87.765501609,"{'type': 'Point', 'coordinates': [-87.7655016086, 41.9272609555]}",,11.0,41.978829526,-87.771166703,"{'type': 'Point', 'coordinates': [-87.771166703, 41.9788295262]}"
e0d590e61e9e7b40d7a74b22abf99ffd3d32ec4a,4cf389626b3d1df35aef815a964571fd5ea7dddda01e56057b88ec6a8b80e20d5d9eb27e67fd25923feefbbf684cc9e003f51498d9dafbf7eb9c062415af5d8b,2019-10-31T00:00:00.000,2019-10-31T00:30:00.000,1240.0,10.04,,43.0,27.0,0.0,0.0,0.0,27.0,Prcard,Flash Cab,41.761577908,-87.572781987,"{'type': 'Point', 'coordinates': [-87.5727819867, 41.7615779081]}",,28.0,41.874005383,-87.66351755,"{'type': 'Point', 'coordinates': [-87.6635175498, 41.874005383]}"
e0c3cf27bb13bebe3dc691ff923c77bfc1a5e124,bc9f0521b68daec76fdff578445175b5afccf1701a34b0c54013555c56a1a42982fb8fdc2a5ad0e8cabbe067601a20f8df18f64883efddca7d1b686169f16e72,2019-10-31T00:00:00.000,2019-10-31T00:15:00.000,1092.0,12.71,,,32.0,7.3,0.0,4.0,43.8,Mobile,Flash Cab,,,,,,,,
df6a8ab6f4e1561f99c55afd3f1fc1c4b0094c40,1249594d6e0c09060fa37f6e8a22ec1f59786f0322fe9f18518494528920ffa36d4c48ad42478411e137fd42250fcb2590c62498f62495a0dce6d14d37631397,2019-10-31T00:00:00.000,2019-10-31T00:30:00.000,1500.0,15.7,,6.0,39.5,13.15,0.0,4.0,56.65,Credit Card,Taxi Affiliation Services,41.944226601,-87.655998182,"{'type': 'Point', 'coordinates': [-87.6559981815, 41.9442266014]}",,76.0,41.980264315,-87.913624596,"{'type': 'Point', 'coordinates': [-87.913624596, 41.9802643146]}"
df581f6a98d10a2aaa604897ea535cb86fd7f162,acad560bbc140c4015f4685c6559c93b61ccaf0f7d80143fa408d25169652c7b861a3be42e8fbcb91cac8da7e691489626884bc2bab1ae6015710cde1eab4e3f,2019-10-31T00:00:00.000,2019-10-31T00:15:00.000,324.0,1.47,,,6.75,0.0,0.0,0.0,6.75,Cash,Flash Cab,,,,,2.0,42.001571027,-87.695012589,"{'type': 'Point', 'coordinates': [-87.6950125892, 42.001571027]}"
de9597c0257a4ff36a0868873d65ff155ded2da4,99c4682167a731b8fb229720c27d36b90990f69492b6b38c4bc1011c7f4cb0f94459490ec3f333b95d67cc0750a0c9b9f66077d8fafc208768a2570b05bcf8f4,2019-10-31T00:00:00.000,2019-10-31T00:00:00.000,360.0,0.0,,8.0,6.25,1.25,0.0,0.0,7.5,Credit Card,Taxi Affiliation Services,41.899602111,-87.633308037,"{'type': 'Point', 'coordinates': [-87.6333080367, 41.899602111]}",,8.0,41.899602111,-87.633308037,"{'type': 'Point', 'coordinates': [-87.6333080367, 41.899602111]}"
ddcd4c441326f7f020a9c6ee5378df55ad62e583,195a4d0fc8a42120eb8da00caf7ca6cd72d89d54f24794aad22306e8fade8f595c8c7cda0484df10188a63c7504a219e9bdfc1a10b33ee3e264519797a5faab9,2019-10-31T00:00:00.000,2019-10-31T00:15:00.000,840.0,0.1,17031071500.0,7.0,10.25,2.35,0.0,1.5,14.1,Credit Card,Taxi Affiliation Services,41.914616286,-87.631717366,"{'type': 'Point', 'coordinates': [-87.6317173661, 41.9146162864]}",17031081700.0,8.0,41.892042136,-87.63186395,"{'type': 'Point', 'coordinates': [-87.6318639497, 41.8920421365]}"
ddc977d2d7b7f44be7278f2e2f65e1771df9af78,4f1e94982e6851725add382f7981d64006ae7c38f3664f6575ef12ab44c1c6af6e02524b142e95c1d10974f66b6a2eda0d332643b01607e2ca3ff2a7241f6dee,2019-10-31T00:00:00.000,2019-10-31T00:00:00.000,540.0,2.1,17031330100.0,33.0,9.0,0.0,0.0,0.0,9.0,Cash,City Service,41.859349715,-87.617358006,"{'type': 'Point', 'coordinates': [-87.6173580061, 41.859349715]}",17031839100.0,32.0,41.880994471,-87.632746489,"{'type': 'Point', 'coordinates': [-87.6327464887, 41.8809944707]}"
dca9c4505035d78e3370db6d7c3c17401dec3cfc,cfee0ed5f6fc991e0676185e33e05756684b245a257633a92796dce005da097898c2df09c21e8b825f8a183b15e9194d7138feaebb6de8d7b35b95575e7d828e,2019-10-31T00:00:00.000,2019-10-31T00:15:00.000,360.0,0.0,17031081500.0,8.0,5.75,0.0,0.0,1.5,7.25,Cash,Taxi Affiliation Services,41.892507781,-87.626214906,"{'type': 'Point', 'coordinates': [-87.6262149064, 41.8925077809]}",17031081201.0,8.0,41.899155613,-87.626210532,"{'type': 'Point', 'coordinates': [-87.6262105324, 41.8991556134]}"
daf383f92501f8ea1f115694e861e293b170e87f,45fb85f9decb793ef2508e29d25b0e869cd852fb613170bf7dc7359cba4e75c772d672da83fc77585c97a248f59404ddec811254ea4868df4c983bb173fec5da,2019-10-31T00:00:00.000,2019-10-31T00:00:00.000,203.0,0.45,17031081500.0,8.0,4.5,2.0,0.0,1.0,8.0,Credit Card,Sun Taxi,41.892507781,-87.626214906,"{'type': 'Point', 'coordinates': [-87.6262149064, 41.8925077809]}",17031081600.0,8.0,41.892072635,-87.628874157,"{'type': 'Point', 'coordinates': [-87.6288741572, 41.8920726347]}"
daacdd5d24710106fc23693e9bf76ac8904f0320,c0719cf3e0ca6acb2e23028e0ec324847f2679aa0dbd2977aa42953ff9dca2262d07d38e13a0239256668fbe4e1f5412360e76ca6dfc1336fd196599f17a3d1f,2019-10-31T00:00:00.000,2019-10-31T00:15:00.000,420.0,3.1,,,10.25,0.0,0.0,4.0,14.25,Cash,Medallion Leasin,,,,,76.0,41.980264315,-87.913624596,"{'type': 'Point', 'coordinates': [-87.913624596, 41.9802643146]}"
d9f298f71ae848767397db04feda20190c3069df,93502288be804bfc4398d5811edafef2da2f57aa7fab00269cdae44a2620df012e672347d10925f0a2887d94e8fcb68777e19357d546edd7d5992825394fa6d5,2019-10-31T00:00:00.000,2019-10-31T00:00:00.000,360.0,2.3,,31.0,8.5,2.0,0.0,0.0,10.5,Credit Card,"Taxicab Insurance Agency, LLC",41.850266366,-87.667569312,"{'type': 'Point', 'coordinates': [-87.667569312, 41.8502663663]}",,28.0,41.874005383,-87.66351755,"{'type': 'Point', 'coordinates': [-87.6635175498, 41.874005383]}"
d667bc13ba3858b6cdda3818fb8b9e8a7586852e,a38fe89ce34d768acee9c587f5ed5c9b9aa59a4480170569a0afcd05bbc8b4a5d7abff24eb6cd22a39009ee411ba9965260ee1250324457dd764b7c6567984f2,2019-10-31T00:00:00.000,2019-10-31T00:15:00.000,660.0,0.0,,7.0,12.5,3.25,0.0,0.0,15.75,Credit Card,Blue Ribbon Taxi Association Inc.,41.922686284,-87.649488729,"{'type': 'Point', 'coordinates': [-87.6494887289, 41.9226862843]}",,8.0,41.899602111,-87.633308037,"{'type': 'Point', 'coordinates': [-87.6333080367, 41.899602111]}"
d63ba4e75eda4469e7e25be1f26ab62e246483a8,76195767851c0e4807795915d7a0579a1c625c2eae552b36d989d32a60ca58318ca88fe17fcd825ceab7b45cb639e7c77d7b4a44629afa03f6f85b4e62c1d6b0,2019-10-31T00:00:00.000,2019-10-31T00:15:00.000,1020.0,9.1,,77.0,25.25,0.0,0.0,0.0,25.25,Cash,Taxi Affiliation Services,41.9867118,-87.663416405,"{'type': 'Point', 'coordinates': [-87.6634164054, 41.9867117999]}",,28.0,41.874005383,-87.66351755,"{'type': 'Point', 'coordinates': [-87.6635175498, 41.874005383]}"
d534f5829ffc5a8946364073f58a32dc9b4240fb,33164e16dd29b1c58cd15cce31df4bfcb75d9903cb66deb0df0c7f1dd7de8fd55b540a060140fd320d8f9815ba9c8e3779d9ef60b029d7bf3307c8546f667db3,2019-10-31T00:00:00.000,2019-10-31T00:15:00.000,540.0,2.1,,24.0,8.75,0.0,0.0,0.0,8.75,Cash,Medallion Leasin,41.901206994,-87.676355989,"{'type': 'Point', 'coordinates': [-87.6763559892, 41.9012069941]}",,32.0,41.878865584,-87.625192142,"{'type': 'Point', 'coordinates': [-87.6251921424, 41.8788655841]}"
d44a236c6deb69bfbf100d1233e6b249e6e95107,ea34edaf8618c3666ad12260840f143beb76e70a601ae6fbb764143353a3b2daaa85fd1aa1eb8a147e6f7d79f45ed65c20371ea3c4c63da0dcaab427f923a187,2019-10-31T00:00:00.000,2019-10-31T00:15:00.000,1080.0,0.7,,5.0,21.25,4.35,0.0,0.0,25.6,Credit Card,Star North Management LLC,41.947791586,-87.683834942,"{'type': 'Point', 'coordinates': [-87.6838349425, 41.9477915865]}",,8.0,41.899602111,-87.633308037,"{'type': 'Point', 'coordinates': [-87.6333080367, 41.899602111]}"
d3df2d253c2ae4a4cc28744ed236dbac4644a06a,6f3790e2b495506d01e445a16e1969f800928ea545ceeb4cc04238f32062045bfc59048e7a5d12e7c3cea1d473f64c988523f423a018c173fbed7b49bb8b1f43,2019-10-31T00:00:00.000,2019-10-31T00:00:00.000,180.0,0.0,17031839100.0,32.0,5.25,2.0,0.0,0.0,7.25,Credit Card,Taxi Affiliation Services,41.880994471,-87.632746489,"{'type': 'Point', 'coordinates': [-87.6327464887, 41.8809944707]}",17031081700.0,8.0,41.892042136,-87.63186395,"{'type': 'Point', 'coordinates': [-87.6318639497, 41.8920421365]}"
d232a817ab9044e1eab327a12e0bf07afdc23094,1ce9436ebfdfd17b57ecd6a7ae3a78f6b79f6f750085daa7881ed709607165b592087f79da53b8083872ef4e4262f9566570e3bc37430a617d2792a8cf12a128,2019-10-31T00:00:00.000,2019-10-31T00:00:00.000,384.0,1.43,,21.0,7.0,0.0,0.0,0.0,7.0,Cash,Flash Cab,41.938666196,-87.711210593,"{'type': 'Point', 'coordinates': [-87.7112105933, 41.9386661962]}",,22.0,41.92276062,-87.699155343,"{'type': 'Point', 'coordinates': [-87.6991553432, 41.9227606205]}"
d1ccb2bf025ff55eb1682bb428dbc79f03a5cd56,cce8c54f19d692acc5dd45d391a8bb964d15af67f314d1ac81e0597f105a70ad12935afa9487766eef90a6f8f0f3d09e6a8877e99b01d21035a05b4a16e985c4,2019-10-31T00:00:00.000,2019-10-31T00:15:00.000,480.0,4.1,17031320100.0,32.0,12.5,0.0,0.0,0.0,12.5,Cash,Taxi Affiliation Services,41.884987192,-87.620992913,"{'type': 'Point', 'coordinates': [-87.6209929134, 41.8849871918]}",17031071200.0,7.0,41.921854911,-87.646210977,"{'type': 'Point', 'coordinates': [-87.6462109769, 41.9218549112]}"
d191a23f4a313c018ede895d3dbfe433b1c2c2e9,f42c343b2e5a642cf852ee906135b0c877481a9154453641617f6f841cf18e12034aacb687e7e5a4b735137074fc670e029007781414c678ae21f72bd4469b49,2019-10-31T00:00:00.000,2019-10-31T00:15:00.000,420.0,1.16,17031320100.0,32.0,6.75,2.0,0.0,0.0,9.25,Credit Card,City Service,41.884987192,-87.620992913,"{'type': 'Point', 'coordinates': [-87.6209929134, 41.8849871918]}",17031833000.0,28.0,41.88528132,-87.6572332,"{'type': 'Point', 'coordinates': [-87.6572331997, 41.8852813201]}"
d0dcfa380900c26d3eab16de825047a518108795,e02fbefeff55fe8de5aed27b44a1894e437002cb984e6d5581992d1d106c19f7a68ff7f7b20f03e7a84e730b09bcc1613bda4e772460bedf7d3680c9f0040bed,2019-10-31T00:00:00.000,2019-10-31T00:45:00.000,2089.0,15.82,,,40.25,0.0,0.0,4.0,44.25,Cash,Flash Cab,,,,,,,,
d074fa0d4be472cd5f9dd84154d7e49c63efda74,51e37146cd6467734e50a00ffe2ebbb77ee35e5f2078170a20f6737a68d947bb414cbcd35da3e6c0debb5cab2f52437452937a1dbd8ebb49c993dee21d202448,2019-10-31T00:00:00.000,2019-10-31T00:30:00.000,1500.0,14.0,,6.0,36.0,12.15,0.0,4.0,52.65,Credit Card,Medallion Leasin,41.944226601,-87.655998182,"{'type': 'Point', 'coordinates': [-87.6559981815, 41.9442266014]}",,76.0,41.980264315,-87.913624596,"{'type': 'Point', 'coordinates': [-87.913624596, 41.9802643146]}"
cfff792f76abfa35c69daceb9c28e4e61be88ca4,9d43fc98216365701edea35b89611fb774d7fa09f0751588204dcbc01f75855026f3dd780609df28d1942d6dbafab438f277265d556bf0a059512a111c8ddbd6,2019-10-31T00:00:00.000,2019-10-31T00:30:00.000,1260.0,16.7,,,41.25,8.0,0.0,33.0,82.25,Credit Card,Taxi Affiliation Services,,,,,76.0,41.980264315,-87.913624596,"{'type': 'Point', 'coordinates': [-87.913624596, 41.9802643146]}"
ce8ffa0d9a2156690228c2eaa28c1727bd08f1f4,57a648e7a559433f979d6eac4c506f483982579079994cd94a70f6e48569275d4bd12a0e638ea4516ea86b71ccd618de4e7bd62d83c92a73969bb981d6584c0d,2019-10-31T00:00:00.000,2019-10-31T00:30:00.000,1440.0,14.3,,6.0,36.25,5.0,0.0,4.0,45.25,Credit Card,Star North Management LLC,41.944226601,-87.655998182,"{'type': 'Point', 'coordinates': [-87.6559981815, 41.9442266014]}",,76.0,41.980264315,-87.913624596,"{'type': 'Point', 'coordinates': [-87.913624596, 41.9802643146]}"
cdcba68b1c249414be29de3f7671689bd732ec01,627de0f7c9251f9731fe27af6bb5a1d1c0542397fa8cf335a22c107fe76a8d7d0e71fbdf9def41a48786e730f4d9767fbd24a659d796a3a75eca4414e6a078cc,2019-10-31T00:00:00.000,2019-10-31T00:15:00.000,960.0,0.0,,7.0,14.0,0.0,0.0,1.0,15.0,Cash,Taxi Affiliation Services,41.922686284,-87.649488729,"{'type': 'Point', 'coordinates': [-87.6494887289, 41.9226862843]}",,8.0,41.899602111,-87.633308037,"{'type': 'Point', 'coordinates': [-87.6333080367, 41.899602111]}"
cc689245dcf859e5f96f79750b4290cd68653232,dc2b3883c9df09ab86f58f7304fc4b953617f9e314507d9b186a5d5f27407370350ef788a0670abd188118c12c6e286674786c8095d4f9b620a2c90f8587f4f1,2019-10-31T00:00:00.000,2019-10-31T00:15:00.000,480.0,0.1,17031330100.0,33.0,7.75,2.0,0.0,0.0,9.75,Credit Card,Taxi Affiliation Services,41.859349715,-87.617358006,"{'type': 'Point', 'coordinates': [-87.6173580061, 41.859349715]}",17031320100.0,32.0,41.884987192,-87.620992913,"{'type': 'Point', 'coordinates': [-87.6209929134, 41.8849871918]}"
cbd02b5c378781002785e3aa1bcd4964206f6c63,4e902eb187e3942c1da821c8aa349fc848c6ff3f71f1070d2e5f1dd3d95e06540fb92fb47a9075d3af689fec539a9701502d2c4e3656b41b2ae656461c28243b,2019-10-31T00:00:00.000,2019-10-31T00:00:00.000,0.0,0.0,,,70.0,0.0,0.0,0.0,70.0,Credit Card,Suburban Dispatch LLC,,,,,,,,
cb7af8fdc7443dec501898d62e5ea2fb03868f0c,a5af44e477d4a113284fc380e77366cecd26cf2d5dcf668a27be74b6eb2b50ad4c73271ffb06bbd4e7d22b1369bcaf63e6b416ee94ea20d07a8328674eb9be91,2019-10-31T00:00:00.000,2019-10-31T00:15:00.000,1341.0,9.25,,,25.75,6.34,0.0,16.0,48.59,Credit Card,Flash Cab,,,,,76.0,41.980264315,-87.913624596,"{'type': 'Point', 'coordinates': [-87.913624596, 41.9802643146]}"
cb10b663bee5b60a0502e85abd6bc3bb7c395e8d,0ee86e2a204cc2224e9ff2494686ee474cce6aba093a1b9eb96b84fb0210d351254024e4ce9c9304e90372c6899ed1d35e8dce702882ba12d72ca651de70ad16,2019-10-31T00:00:00.000,2019-10-31T00:15:00.000,1020.0,0.4,,76.0,22.75,0.0,0.0,0.0,22.75,Cash,Taxi Affiliation Services,41.980264315,-87.913624596,"{'type': 'Point', 'coordinates': [-87.913624596, 41.9802643146]}",,11.0,41.978829526,-87.771166703,"{'type': 'Point', 'coordinates': [-87.771166703, 41.9788295262]}"
ca067971140419c58c3eecf35d73b06446ad9010,0f5a723087247cdc9717145c6b4ed96bf478dd4c2399f70b7360b70810def6288330e2924e3e0429cf17f8984f11bf3d27fc71eba8ce3bc919adb3ab7be5aeb5,2019-10-31T00:00:00.000,2019-10-31T00:15:00.000,1440.0,19.3,17031330100.0,33.0,46.75,12.8,0.0,4.0,63.55,Credit Card,Taxi Affiliation Services,41.859349715,-87.617358006,"{'type': 'Point', 'coordinates': [-87.6173580061, 41.859349715]}",17031980000.0,76.0,41.97907082,-87.903039661,"{'type': 'Point', 'coordinates': [-87.9030396611, 41.9790708201]}"
c9922df66627656b381abae919df78b6ede337ba,cc5330b266a2b3e042e5bc50b1dadb4f4e03db62f8cbd1010e986946aae90f1fa60344c044657706c127b1111e0cc2d7273caa006e37c9d39aa150a34ce3b049,2019-10-31T00:00:00.000,2019-10-31T00:00:00.000,120.0,0.2,17031081500.0,8.0,4.0,3.0,0.0,1.5,8.5,Credit Card,Taxi Affiliation Services,41.892507781,-87.626214906,"{'type': 'Point', 'coordinates': [-87.6262149064, 41.8925077809]}",17031839100.0,32.0,41.880994471,-87.632746489,"{'type': 'Point', 'coordinates': [-87.6327464887, 41.8809944707]}"
c8fc8d86c3c7e8cd5a78e2e48bcf706372339f1a,2696ea0536d336d599581f7b3328fb73e9d0084a73e6804f1247659f8a6408f9d88e43732e9ebf4fbdf4849008636c7f946d305b051e4343d52c3858f59fbb04,2019-10-31T00:00:00.000,2019-10-31T00:30:00.000,1500.0,13.2,,5.0,34.0,7.6,0.0,4.0,45.6,Credit Card,Taxi Affiliation Services,41.947791586,-87.683834942,"{'type': 'Point', 'coordinates': [-87.6838349425, 41.9477915865]}",,76.0,41.980264315,-87.913624596,"{'type': 'Point', 'coordinates': [-87.913624596, 41.9802643146]}"
c806e8b4f3ffac98453ae47fd6fcbf28c102b6ce,d133de68d7dfb2069cd26b91cc2e0a934b2e3d125f7ce76dcbe456015776df5e688727e0abdd8b0016cdff2072ef3f65f6e10b7694560473c0bea15f75d1d562,2019-10-31T00:00:00.000,2019-10-31T00:15:00.000,903.0,5.67,,6.0,16.75,3.85,0.0,2.0,23.1,Credit Card,Chicago Carriage Cab Corp,41.944226601,-87.655998182,"{'type': 'Point', 'coordinates': [-87.6559981815, 41.9442266014]}",,8.0,41.899602111,-87.633308037,"{'type': 'Point', 'coordinates': [-87.6333080367, 41.899602111]}"
c7f6b74d43e5316185bc97140e05f2f8cae46b11,7cd20062d0699bbac741f18bf79a47f41c27054301ee8d42697272b86ccbd6cd5e37375fc42f67c2abc6268c6358487eaa72c990f5f85972a9cdd7083a60d57e,2019-10-31T00:00:00.000,2019-10-31T00:00:00.000,540.0,0.0,17031081800.0,8.0,7.75,0.0,0.0,1.0,8.75,Cash,Taxi Affiliation Services,41.89321636,-87.63784421,"{'type': 'Point', 'coordinates': [-87.6378442095, 41.8932163595]}",17031081202.0,8.0,41.902788048,-87.62614559,"{'type': 'Point', 'coordinates': [-87.6261455896, 41.9027880476]}"
c6f70a782c802915fef6c298561a985a4c012666,61fd073ccedd569e0cbc77c5e8cfae28684a29d37a18f01ccd50164a851fccfba326d9be0fa012e63829551330e8ff3de24ab47cfc2548ae033cd487aabea361,2019-10-31T00:00:00.000,2019-10-31T00:15:00.000,480.0,1.6,17031281900.0,28.0,8.0,2.0,0.0,0.0,10.0,Credit Card,Taxi Affiliation Services,41.879255084,-87.642648998,"{'type': 'Point', 'coordinates': [-87.642648998, 41.8792550844]}",17031081700.0,8.0,41.892042136,-87.63186395,"{'type': 'Point', 'coordinates': [-87.6318639497, 41.8920421365]}"
c689651b98da9ba6423d2deec58dc513e6cb5934,aebf720288b80a8ee36860541db64951c696c749f1a392d312fa4d2a8cd3f95dfb0be580fda7eb63455f809a1be9b3acad19a3ca167073126d0350b50f30741a,2019-10-31T00:00:00.000,2019-10-31T00:30:00.000,1351.0,16.4,,24.0,40.0,8.9,0.0,4.0,53.4,Credit Card,City Service,41.901206994,-87.676355989,"{'type': 'Point', 'coordinates': [-87.6763559892, 41.9012069941]}",,76.0,41.980264315,-87.913624596,"{'type': 'Point', 'coordinates': [-87.913624596, 41.9802643146]}"
c50637d3132e5598d2f7da262cb4a13c629f3c62,ffa4a7ea614ef7d2eac427f6f1a0af6a5298a57224da0b9b286ba33479183e081b8d46ff0d2e4545ecba5bda51b2000ceab71dbfca4cf6553c09b0f1f218133f,2019-10-31T00:00:00.000,2019-10-31T00:15:00.000,600.0,1.7,,8.0,8.5,0.0,0.0,0.0,8.5,Cash,Star North Management LLC,41.899602111,-87.633308037,"{'type': 'Point', 'coordinates': [-87.6333080367, 41.899602111]}",,28.0,41.874005383,-87.66351755,"{'type': 'Point', 'coordinates': [-87.6635175498, 41.874005383]}"
c498ba6105d42daef94edd23a1538aab3b7dfbda,ba3d352fc557396edc7443cf0ad65e8593c05a838a856aaa2c21a0d61922d0f5f9b0897d7c5648e8c6e27f5cae60ccbc415e84621473ae57d916dc78b24b5f00,2019-10-31T00:00:00.000,2019-10-31T00:00:00.000,361.0,3.02,17031980000.0,76.0,10.0,0.0,0.0,5.5,15.5,Cash,City Service,41.97907082,-87.903039661,"{'type': 'Point', 'coordinates': [-87.9030396611, 41.9790708201]}",17031980000.0,76.0,41.97907082,-87.903039661,"{'type': 'Point', 'coordinates': [-87.9030396611, 41.9790708201]}"
c2eef48d78785fdcda1760c5a1ec588b7b43ee25,54044c4ce47d539663e1520272de87e38a14d38ca23a666360031dadffe5fb5b8be396c3219a60f4b5325d461a8bb9c1202e3aedb1b1b77dfbfcdb68dd8c144e,2019-10-31T00:00:00.000,2019-10-31T00:30:00.000,1500.0,18.0,17031081700.0,8.0,44.0,9.7,0.0,4.0,57.7,Credit Card,"Taxicab Insurance Agency, LLC",41.892042136,-87.63186395,"{'type': 'Point', 'coordinates': [-87.6318639497, 41.8920421365]}",17031980000.0,76.0,41.97907082,-87.903039661,"{'type': 'Point', 'coordinates': [-87.9030396611, 41.9790708201]}"
c2334c927770be843eb9fa81a8f1bbb9304062b1,1aa7696cf1ac4c5d9e302177fdb918829d2ddcd9d420a3557defecc167a2bc332bc8a4ee0ae70d314ebaf1f66ff1e4cc53aca83691dd0cbfdfca39c7190c4945,2019-10-31T00:00:00.000,2019-10-31T00:30:00.000,1385.0,17.29,17031081800.0,8.0,42.5,7.2,0.0,5.0,55.2,Credit Card,Flash Cab,41.89321636,-87.63784421,"{'type': 'Point', 'coordinates': [-87.6378442095, 41.8932163595]}",17031980000.0,76.0,41.97907082,-87.903039661,"{'type': 'Point', 'coordinates': [-87.9030396611, 41.9790708201]}"
c1c7fb13a65c6838a9c445400e1dfc8fe81a6b49,a38fe89ce34d768acee9c587f5ed5c9b9aa59a4480170569a0afcd05bbc8b4a5d7abff24eb6cd22a39009ee411ba9965260ee1250324457dd764b7c6567984f2,2019-10-31T00:00:00.000,2019-10-31T00:00:00.000,240.0,0.0,17031081401.0,8.0,5.25,0.0,0.0,2.0,7.25,Cash,Blue Ribbon Taxi Association Inc.,41.89503345,-87.619710672,"{'type': 'Point', 'coordinates': [-87.6197106717, 41.8950334495]}",17031320100.0,32.0,41.884987192,-87.620992913,"{'type': 'Point', 'coordinates': [-87.6209929134, 41.8849871918]}"
c190c6b40ba2beed6d5df2eea898fc78afc6f47e,01910e6c9e129a9a70ae56522b0267b1bcc7a03a93c74cabc1917d63c5577ba1ccf891cbba2c75a93a7bc11ea64e6d395424c7f96569f3ae5ab00ffc3ff5f7ac,2019-10-31T00:00:00.000,2019-10-31T00:15:00.000,420.0,0.1,17031281900.0,28.0,10.25,0.0,0.0,0.0,10.25,Cash,Blue Ribbon Taxi Association Inc.,41.879255084,-87.642648998,"{'type': 'Point', 'coordinates': [-87.642648998, 41.8792550844]}",17031081201.0,8.0,41.899155613,-87.626210532,"{'type': 'Point', 'coordinates': [-87.6262105324, 41.8991556134]}"
be5bf040e41cd0b68ed590beae0227d423737ac7,5f195762627df7d5927bdf95fbcf28fd3f057b930be9e8487b478ede6693c47a5b637495f7bfbaaf8badf6f08d05ea1f2b08c594a4ff833a6047502f981d567f,2019-10-31T00:00:00.000,2019-10-31T00:00:00.000,600.0,0.2,,6.0,12.5,2.5,0.0,0.0,15.0,Credit Card,Blue Ribbon Taxi Association Inc.,41.944226601,-87.655998182,"{'type': 'Point', 'coordinates': [-87.6559981815, 41.9442266014]}",,8.0,41.899602111,-87.633308037,"{'type': 'Point', 'coordinates': [-87.6333080367, 41.899602111]}"
be08f75d4efe69d5c2d6497ad059ce9042f71225,e1a37664dc97767dc74892e703a6d073c4ca430ae1bd8c5b433313a81288a946d468665be0ee177c3d1cecce63a8b5fb4fad4350a90ad192eeb2ec4c7258667e,2019-10-31T00:00:00.000,2019-10-31T00:00:00.000,633.0,3.85,,24.0,12.75,0.0,0.0,0.0,12.75,Cash,City Service,41.901206994,-87.676355989,"{'type': 'Point', 'coordinates': [-87.6763559892, 41.9012069941]}",,32.0,41.878865584,-87.625192142,"{'type': 'Point', 'coordinates': [-87.6251921424, 41.8788655841]}"
bc71c3c89394dd2082aa1361a51c270045eb6aff,482715512ae3188462bf93fc4f177b431c98af939c7081d6ac7c08c5d1c19266f05ddb80864c3b681a8910f7a7065e9a4a1b245301fc6f65befeef9c1b5c0f7c,2019-10-31T00:00:00.000,2019-10-31T00:15:00.000,753.0,5.65,,,16.25,0.0,0.0,6.0,22.25,Cash,Flash Cab,,,,,76.0,41.980264315,-87.913624596,"{'type': 'Point', 'coordinates': [-87.913624596, 41.9802643146]}"
a2aaa21a765d794bdd087089f63e95ee592b69a9,c1a2599121801de9434ab559cae09ef16b442f88cca541d903aa89b5808c1de3b3a05e24f98f871f3d1b3d6c87046a75abf04c537fa184affdb380d095d2ed06,2019-10-31T00:00:00.000,2019-10-31T00:15:00.000,960.0,0.5,,,23.25,0.0,0.0,6.5,29.75,Cash,Taxi Affiliation Services,,,,,76.0,41.980264315,-87.913624596,"{'type': 'Point', 'coordinates': [-87.913624596, 41.9802643146]}"
a28b586a94a59a0ae09978d89aa32a17e097dfd6,5ee84dab226a1429100b26a6d706ffda6ab500da9bff0b486881b6c323f416411871c7b2a52105a9443f0912521ea92d80906f16e52de40938f36d51f041fc6d,2019-10-31T00:00:00.000,2019-10-31T00:00:00.000,180.0,0.0,17031320100.0,32.0,4.75,0.0,0.0,0.0,4.75,Cash,Taxi Affiliation Services,41.884987192,-87.620992913,"{'type': 'Point', 'coordinates': [-87.6209929134, 41.8849871918]}",17031081600.0,8.0,41.892072635,-87.628874157,"{'type': 'Point', 'coordinates': [-87.6288741572, 41.8920726347]}"
a1a308bda2eefb73c3452784ab1f09b360a7699f,24ed31a940cc30f89118796ee39ca35a52fdbade26c91fa5c1ee1030859cf64d4b9e7791703a66f87280a7e76d4736ebff3b87789875a52f0b1600811dedaf5a,2019-10-31T00:00:00.000,2019-10-31T00:00:00.000,240.0,0.9,,7.0,5.5,0.0,0.0,0.0,5.5,Credit Card,Choice Taxi Association,41.922686284,-87.649488729,"{'type': 'Point', 'coordinates': [-87.6494887289, 41.9226862843]}",,7.0,41.922686284,-87.649488729,"{'type': 'Point', 'coordinates': [-87.6494887289, 41.9226862843]}"
a01fb43bbff27a0d086cfacada166794f312665e,3d5fcccd2f2e4fb12eba0d94f8cdf657b20d405fece7c8a26571a7a0db7d8f8cf4f257a86ad49ad864417c6d8ceb0763b2207fbb57a78950f2566409e1b93fcd,2019-10-31T00:00:00.000,2019-10-31T00:00:00.000,0.0,0.0,17031320100.0,32.0,3.25,0.0,0.0,0.5,3.75,Cash,Taxi Affiliation Services,41.884987192,-87.620992913,"{'type': 'Point', 'coordinates': [-87.6209929134, 41.8849871918]}",17031320100.0,32.0,41.884987192,-87.620992913,"{'type': 'Point', 'coordinates': [-87.6209929134, 41.8849871918]}"
9e5e6a15de67c10d5398a01879295093acbd84b7,25f401ef5193d27d5a1baced30b0597335466ae6f000b1bff87d0e6afe3ec2a58c91471f0325d2ab1a35c7debdc42ce4b96634b19b366495f4580dec7f825326,2019-10-31T00:00:00.000,2019-10-31T00:30:00.000,1494.0,17.22,,8.0,42.25,9.45,0.0,4.5,56.7,Credit Card,Flash Cab,41.899602111,-87.633308037,"{'type': 'Point', 'coordinates': [-87.6333080367, 41.899602111]}",,76.0,41.980264315,-87.913624596,"{'type': 'Point', 'coordinates': [-87.913624596, 41.9802643146]}"
9d7693c32ff102041ec64d7210db52555a0c4ed9,fea1ad3b44e1a049eb5b1f33d9c53ddd6cae02b095b6a16c8507d94624aab8dcfcaa2eb03f45242370f1dc88ce1f9fed5fff858de8ef863a30868f68a0626773,2019-10-31T00:00:00.000,2019-10-31T00:30:00.000,1620.0,0.8,,3.0,35.75,3.98,0.0,4.0,43.73,Credit Card,Taxi Affiliation Services,41.96581197,-87.655878786,"{'type': 'Point', 'coordinates': [-87.6558787862, 41.96581197]}",,76.0,41.980264315,-87.913624596,"{'type': 'Point', 'coordinates': [-87.913624596, 41.9802643146]}"
9b8687235111d9147f283572bcbaaf01ea5c8dc5,1061d157b2a98a1b1e7871639b836de5fb521101d08d736af9eaa6700648adb48fb8df7f97970cc6b2a7bd6da5840251530b3cccb10d81a56f3779ba7a1354ba,2019-10-31T00:00:00.000,2019-10-31T00:00:00.000,180.0,0.8,17031081402.0,8.0,5.25,3.0,0.0,0.0,8.25,Credit Card,Taxi Affiliation Services,41.891971508,-87.612945414,"{'type': 'Point', 'coordinates': [-87.6129454143, 41.8919715078]}",17031081600.0,8.0,41.892072635,-87.628874157,"{'type': 'Point', 'coordinates': [-87.6288741572, 41.8920726347]}"
9af3b9723042f5e887cfaefc95f233980c8ca1a3,491bd6098f4633e73dbf8c5f95b1244623b68996ba805012bb31a21477afbc948a5f60d4d18d1ac4867fdfe907d18204cb4414bc3504483f607991268bc4e7d2,2019-10-31T00:00:00.000,2019-10-31T00:15:00.000,235.0,0.54,17031081500.0,8.0,5.0,2.0,0.0,1.0,8.5,Credit Card,Nova Taxi Affiliation Llc,41.892507781,-87.626214906,"{'type': 'Point', 'coordinates': [-87.6262149064, 41.8925077809]}",17031081700.0,8.0,41.892042136,-87.63186395,"{'type': 'Point', 'coordinates': [-87.6318639497, 41.8920421365]}"
9a52c8681b3023ca0fcc85bec0950ccf54ad89e3,f760c301740afe577d6c0e2f6de2cfecccf6ede158b8a3825331005da37a008716599169f4b467bc8b88e65318b5008499ad0ea4e05a7465c6bce4a1d5e70350,2019-10-31T00:00:00.000,2019-10-31T17:45:00.000,63655.0,16.61,17031980000.0,76.0,41.25,11.81,0.0,5.5,59.06,Credit Card,Sun Taxi,41.97907082,-87.903039661,"{'type': 'Point', 'coordinates': [-87.9030396611, 41.9790708201]}",17031110502.0,11.0,41.970288894,-87.759857019,"{'type': 'Point', 'coordinates': [-87.759857019, 41.970288894]}"
993b6226a458aee13acdb849916f2e203bcef22b,cbf27c4ef82ab831147b7b2f45ec28d14362d91e9f7d85b47d143b0dfcaae29893b929a79f1d599bf9fcdfc9580955f9624e9adcf14cb013b97149a796016835,2019-10-31T00:00:00.000,2019-10-31T00:15:00.000,720.0,0.2,17031980000.0,76.0,12.75,3.45,0.0,4.0,20.2,Credit Card,Taxi Affiliation Services,41.97907082,-87.903039661,"{'type': 'Point', 'coordinates': [-87.9030396611, 41.9790708201]}",17031980000.0,76.0,41.97907082,-87.903039661,"{'type': 'Point', 'coordinates': [-87.9030396611, 41.9790708201]}"
94c8c1d9d6d89879e15fc22ac53773c03de36ed8,fdc3156afe8accb70f5aea5f2cd2d7cefd089d13b6d930151e1a195fbb53b1caf1b110ebbb901077e295080c2a5a3e1b2d2b42595435d1defd965e1604c1cf90,2019-10-31T00:00:00.000,2019-10-31T00:15:00.000,180.0,0.6,,8.0,5.0,0.0,0.0,0.0,5.0,Cash,Taxi Affiliation Services,41.899602111,-87.633308037,"{'type': 'Point', 'coordinates': [-87.6333080367, 41.899602111]}",,8.0,41.899602111,-87.633308037,"{'type': 'Point', 'coordinates': [-87.6333080367, 41.899602111]}"
94358a7f9eb7e263fe036c1678c78f792330638c,82f142b1548638d2dab19e4fe73d9f59172c1d9df1845d7e17146a769bd6775e8c4f8830f33bfc55608392bf127dfce9723dd6dee3e6456637f3bb6bce17bd63,2019-10-31T00:00:00.000,2019-10-31T00:15:00.000,240.0,0.0,17031081500.0,8.0,5.0,0.0,0.0,0.0,5.0,Cash,Blue Ribbon Taxi Association Inc.,41.892507781,-87.626214906,"{'type': 'Point', 'coordinates': [-87.6262149064, 41.8925077809]}",17031081201.0,8.0,41.899155613,-87.626210532,"{'type': 'Point', 'coordinates': [-87.6262105324, 41.8991556134]}"
923834285d1f1b222eb478cffefe0bca2a25efd8,83e107c34986e0dc90555d0497d5fd3a82d765cc654c1afb1dcf5875120d4b588cfffcc9086aa7963093c306e3c73d32f4f0b1d0283edea44fd97faab7ed2029,2019-10-31T00:00:00.000,2019-10-31T00:30:00.000,1260.0,16.7,17031081800.0,8.0,41.0,9.05,0.0,4.0,54.05,Credit Card,Top Cab Affiliation,41.89321636,-87.63784421,"{'type': 'Point', 'coordinates': [-87.6378442095, 41.8932163595]}",17031980000.0,76.0,41.97907082,-87.903039661,"{'type': 'Point', 'coordinates': [-87.9030396611, 41.9790708201]}"
91f4c9e947b03be0de60b444114fe2c37a91d27c,0f093ab3286d8cfc07ee87ddb10c6bc85501e3ac2c4b429b964c4264e62d0c807653916514dacde183b6c312ef0184dc5f76ce3d7ddeb57105952c6f1c303b63,2019-10-31T00:00:00.000,2019-10-31T00:30:00.000,1620.0,1.2,17031330100.0,33.0,48.5,10.6,0.0,4.0,63.1,Credit Card,Taxi Affiliation Services,41.859349715,-87.617358006,"{'type': 'Point', 'coordinates': [-87.6173580061, 41.859349715]}",17031980000.0,76.0,41.97907082,-87.903039661,"{'type': 'Point', 'coordinates': [-87.9030396611, 41.9790708201]}"
90ae03d95e62c604fd4a3cfe29ed29456c625bd3,800fe476e0b13a4e76832927fc113dd75d55fd75bf42e975118ee6613053a90a159b98d047f8107ee8c3d9a8c065b27e0f46be3209257bb31adef6c7311b67b0,2019-10-31T00:00:00.000,2019-10-31T00:00:00.000,360.0,0.1,,76.0,9.25,3.4,0.0,4.0,16.65,Credit Card,Taxi Affiliation Services,41.980264315,-87.913624596,"{'type': 'Point', 'coordinates': [-87.913624596, 41.9802643146]}",,,,,
9077f1a2730d9e98ff0868a8319913ad30dd42ab,4b92a02bf38d961c406e957edbe057dcafbd12d849d1363f940bcdc5221961d414acd4dea099a85e75ea61c55d6bdf0c9310b3482683c66d7345b7e719366022,2019-10-31T00:00:00.000,2019-10-31T00:15:00.000,240.0,0.0,17031081000.0,8.0,6.25,1.0,0.0,1.0,8.25,Credit Card,Blue Ribbon Taxi Association Inc.,41.900265687,-87.63210922,"{'type': 'Point', 'coordinates': [-87.6321092196, 41.9002656868]}",17031080300.0,8.0,41.90749193,-87.63576009,"{'type': 'Point', 'coordinates': [-87.6357600901, 41.9074919303]}"
8e57084a2b9f34ca6b3e01753b675ab4ed8d63e0,3b95cedc13d4a99243e1974616a6a25267c25878336faa586d4372370c847c3618753718dca887e3713efb476a5af11bc5f5a86c9785c9f749ca45f3f8be4764,2019-10-31T00:00:00.000,2019-10-31T00:00:00.000,300.0,0.0,17031320600.0,32.0,7.0,2.0,0.0,0.0,9.0,Credit Card,Taxi Affiliation Services,41.870607372,-87.622172937,"{'type': 'Point', 'coordinates': [-87.6221729369, 41.8706073724]}",17031081700.0,8.0,41.892042136,-87.63186395,"{'type': 'Point', 'coordinates': [-87.6318639497, 41.8920421365]}"
8d74ee1c8fc8e310bed33a5d12cfa8e59562a6e8,cd4f6f56e92648beaffe3d840688cf7667fa10fa30dfb105f2fd73858eda0d22fd38d958a096cd9934ea58a47fa15223c0bfb36ee581a3495bbef30cae2e6e2c,2019-10-31T00:00:00.000,2019-10-31T00:15:00.000,540.0,1.9,,8.0,8.5,0.0,0.0,0.0,8.5,Credit Card,Taxi Affiliation Services,41.899602111,-87.633308037,"{'type': 'Point', 'coordinates': [-87.6333080367, 41.899602111]}",,32.0,41.878865584,-87.625192142,"{'type': 'Point', 'coordinates': [-87.6251921424, 41.8788655841]}"
8cc389663762730e76036c1634aff98e9b6a3fc6,008c43f04857eb09949b8ce05458d3fc8848dfd460d9253ede7b06398222b16321eeeb2749e116221296740b193ebc95e3d4cbd8cbf4dd31c8ab0318976dcbab,2019-10-31T00:00:00.000,2019-10-31T00:30:00.000,1860.0,7.1,,4.0,23.25,0.0,0.0,1.0,24.25,Cash,Taxi Affiliation Services,41.975170943,-87.687515515,"{'type': 'Point', 'coordinates': [-87.6875155152, 41.9751709433]}",,7.0,41.922686284,-87.649488729,"{'type': 'Point', 'coordinates': [-87.6494887289, 41.9226862843]}"
8cc22200ad7122444fe4383dbf2d8e368bd2ad82,785ef52cff80fe78a7ee899453036c0be6ac8fef4d1006810092be7e96b27cfa576f25bfd842e2f0cbd68c52f22f943fb512a0ddad323fbd472bb0529148739d,2019-10-31T00:00:00.000,2019-10-31T00:00:00.000,120.0,0.2,,28.0,3.75,0.0,0.0,1.0,4.75,Cash,Star North Management LLC,41.874005383,-87.66351755,"{'type': 'Point', 'coordinates': [-87.6635175498, 41.874005383]}",,28.0,41.874005383,-87.66351755,"{'type': 'Point', 'coordinates': [-87.6635175498, 41.874005383]}"
8c86f26f3f642aec38ba02523c4b66dc94e5e4d8,9485d031249d48320ce4b2cbe7b799635389123e87e38ab8826ca461a35c36a34467eb0270438fd960a5309224a1fccc2f0426b8dc3ea5af711c0ea3ae7bb51e,2019-10-31T00:00:00.000,2019-10-31T00:15:00.000,1080.0,0.0,17031804603.0,,33.5,0.0,0.0,4.0,37.5,Cash,Taxi Affiliation Services,,,,17031980000.0,76.0,41.97907082,-87.903039661,"{'type': 'Point', 'coordinates': [-87.9030396611, 41.9790708201]}"
8c347ecf7bc21ff4960b06b5def9607ea452932a,82f142b1548638d2dab19e4fe73d9f59172c1d9df1845d7e17146a769bd6775e8c4f8830f33bfc55608392bf127dfce9723dd6dee3e6456637f3bb6bce17bd63,2019-10-31T00:00:00.000,2019-10-31T00:00:00.000,360.0,0.0,17031081500.0,8.0,6.0,0.0,0.0,1.0,7.0,Cash,Blue Ribbon Taxi Association Inc.,41.892507781,-87.626214906,"{'type': 'Point', 'coordinates': [-87.6262149064, 41.8925077809]}",17031081500.0,8.0,41.892507781,-87.626214906,"{'type': 'Point', 'coordinates': [-87.6262149064, 41.8925077809]}"
8b702889696cfee8f090e959d873821c90b893ac,32693393c16a975b5a11cddc63ad4e963b8b3282ba08b2dd73658686ea8ae039714ddc97656cbccc825f27de142f37a796e0859c5b0ddd5ffd242ac92a0a5e15,2019-10-31T00:00:00.000,2019-10-31T00:15:00.000,300.0,1.2,,8.0,6.0,2.0,0.0,1.0,9.0,Credit Card,Taxi Affiliation Services,41.899602111,-87.633308037,"{'type': 'Point', 'coordinates': [-87.6333080367, 41.899602111]}",,8.0,41.899602111,-87.633308037,"{'type': 'Point', 'coordinates': [-87.6333080367, 41.899602111]}"
8a0aae057b56ea7d9f7a8e19db0308ff9666f352,14d334d4d5d6eb8415d5d0e700208f29bcef1731ad139642e999bf4cd30a8d59ce127f22ee33bee510b036ad11414480e52f42317f4a19b6019634e494585765,2019-10-31T00:00:00.000,2019-10-31T00:15:00.000,722.0,2.76,,24.0,10.25,4.0,0.0,1.0,15.75,Credit Card,City Service,41.901206994,-87.676355989,"{'type': 'Point', 'coordinates': [-87.6763559892, 41.9012069941]}",,8.0,41.899602111,-87.633308037,"{'type': 'Point', 'coordinates': [-87.6333080367, 41.899602111]}"
88ce34a38fdbb50cc2e3e41d9e1872e2f018df6c,a418af5d440c9260ccfd29882c6c4ea78d7269df7d5130f03788205b60d6801babc8e1b0fccd2645c96de8d08dacd7d64b199c0899c0727236e3bb3a34b597fb,2019-10-31T00:00:00.000,2019-10-31T00:00:00.000,300.0,1.3,17031081000.0,8.0,6.5,2.0,0.0,0.0,9.0,Credit Card,Medallion Leasin,41.900265687,-87.63210922,"{'type': 'Point', 'coordinates': [-87.6321092196, 41.9002656868]}",17031081403.0,8.0,41.890922026,-87.618868355,"{'type': 'Point', 'coordinates': [-87.6188683546, 41.8909220259]}"
87cbc8dfb60a011c63de622c0cb95a7dea3f5505,c58aa70bab19decb5077c46ae3335717f0bf219a1adb7c1a5067f78b12d94915e2058274ab4356b72925309396a77cfba36c2098b8195fe6c1b1c20fe8ba563d,2019-10-31T00:00:00.000,2019-10-31T00:15:00.000,312.0,1.49,17031081700.0,8.0,7.0,2.0,0.0,1.0,10.5,Credit Card,Chicago Carriage Cab Corp,41.892042136,-87.63186395,"{'type': 'Point', 'coordinates': [-87.6318639497, 41.8920421365]}",17031081700.0,8.0,41.892042136,-87.63186395,"{'type': 'Point', 'coordinates': [-87.6318639497, 41.8920421365]}"
87c1bef3829a85b2c60e9708f46f26d7e8c65af6,d645a947dabd328acad2dd5987f9714e3a79807204ce1faa919522113acdee6fe3cac687a6cb4ea47bf274bf4a97d9e856b764eac06198e3054b7ea63b2e5d84,2019-10-31T00:00:00.000,2019-10-31T00:30:00.000,1500.0,13.4,,6.0,34.5,5.5,0.0,4.0,44.0,Credit Card,Star North Management LLC,41.944226601,-87.655998182,"{'type': 'Point', 'coordinates': [-87.6559981815, 41.9442266014]}",,76.0,41.980264315,-87.913624596,"{'type': 'Point', 'coordinates': [-87.913624596, 41.9802643146]}"
87ba24998f49c17f15f19614bc9658e199a16641,cc5330b266a2b3e042e5bc50b1dadb4f4e03db62f8cbd1010e986946aae90f1fa60344c044657706c127b1111e0cc2d7273caa006e37c9d39aa150a34ce3b049,2019-10-31T00:00:00.000,2019-10-31T00:15:00.000,240.0,0.5,17031081600.0,8.0,5.25,0.0,0.0,0.0,5.25,Cash,Taxi Affiliation Services,41.892072635,-87.628874157,"{'type': 'Point', 'coordinates': [-87.6288741572, 41.8920726347]}",17031081600.0,8.0,41.892072635,-87.628874157,"{'type': 'Point', 'coordinates': [-87.6288741572, 41.8920726347]}"
8719f41866b91866b912fd463bf1460aa74de131,279e6ef4129260b19e953938f5ca14fba369cbd6db1f06b0609470a96544c33bb6543e5edfbd300a3e098960531aee298b798c7d7fbbcd2cbdc5a6ec5c8818c4,2019-10-31T00:00:00.000,2019-10-31T00:15:00.000,420.0,1.3,,28.0,7.0,0.0,0.0,0.0,7.0,Cash,Taxi Affiliation Services,41.874005383,-87.66351755,"{'type': 'Point', 'coordinates': [-87.6635175498, 41.874005383]}",,32.0,41.878865584,-87.625192142,"{'type': 'Point', 'coordinates': [-87.6251921424, 41.8788655841]}"
86baf799553f90665d87e844bab5f95566d38587,800cba53f06617f4cdbf27a69a1319523868266b75cae1f52486c12b1781a891ffbbb75c100049f0a7a0a780b03b2c5c6ef97af06af9c198c84005f56ffa16a0,2019-10-31T00:00:00.000,2019-10-31T00:30:00.000,2040.0,1.0,,,42.75,0.0,0.0,30.0,72.75,Cash,Taxi Affiliation Services,,,,,56.0,41.79259236,-87.769615453,"{'type': 'Point', 'coordinates': [-87.7696154528, 41.7925923603]}"
85f12b3f223008983bc6c63c9437006841488947,343d099d6cca99a245757b878f39ef1777121a56028dea2e74b7b64b7942c6a43625c860b18041bf8f1e21696ffbc1922b55997c0050056c3d0ef41273cbdd05,2019-10-31T00:00:00.000,2019-10-31T00:15:00.000,503.0,2.75,17031071500.0,7.0,10.0,0.0,0.0,0.0,10.5,Credit Card,City Service,41.914616286,-87.631717366,"{'type': 'Point', 'coordinates': [-87.6317173661, 41.9146162864]}",17031833000.0,28.0,41.88528132,-87.6572332,"{'type': 'Point', 'coordinates': [-87.6572331997, 41.8852813201]}"
85bebaaa4554de6c505ba0b0365b0625ce83e53c,129c8726fd35b2044735d92600d02e2f8b6a54f5d80919972adfce76423f37fa4de34a9d2425b4954b866d5c407bd9ca7dd226727c8077faacdb5ec4691958a7,2019-10-31T00:00:00.000,2019-10-31T00:15:00.000,515.0,1.72,17031839000.0,32.0,8.0,2.0,0.0,0.0,10.5,Credit Card,Chicago Carriage Cab Corp,41.87101588,-87.631406525,"{'type': 'Point', 'coordinates': [-87.6314065252, 41.8710158803]}",17031833000.0,28.0,41.88528132,-87.6572332,"{'type': 'Point', 'coordinates': [-87.6572331997, 41.8852813201]}"
8581a3daf01cc0f2e861751e445a1c4a26f97cf1,7626f57cb67f910f5897211d1e0a49951794898eaa67b24c80799017553e91cb7f6856c91bcf470d79e766a96f065bc836b2bb8d67eecc5fa8eff1a14b62e13a,2019-10-31T00:00:00.000,2019-10-31T00:15:00.000,1440.0,18.1,17031081403.0,8.0,44.5,9.8,0.0,4.0,58.3,Credit Card,Taxi Affiliation Services,41.890922026,-87.618868355,"{'type': 'Point', 'coordinates': [-87.6188683546, 41.8909220259]}",17031980000.0,76.0,41.97907082,-87.903039661,"{'type': 'Point', 'coordinates': [-87.9030396611, 41.9790708201]}"
